,"('KS11', '3days')","('KS11', '7days')","('KS11', '15days')","('KS11', '30days')","('KQ11', '3days')","('KQ11', '7days')","('KQ11', '15days')","('KQ11', '30days')"
0,0.8084129203413701,1.8951528537078548,3.2680980279297858,4.743011060589403,1.2286406657467948,2.7324842422827498,4.33639088728653,6.067688262475729
